Workbook

Sheet Dust
A1: Parameter | B1: Value | C1: Units | D1: Comment
A2: D | B2: 0.001;1000;100 | C2: µm | D2: minimum, maximum, number of bins (log spacing)
A3: N_size | B3: 3 | D3: order of the size distribution (2=BINOMIAL, 3=trinomial)
A4: Nd | B4: 2999.9756004141914; 997.0197384329538; 0.8145256126239515
A5: mu | B5: 0.0004717805043623872; 0.03534049888876333; 1.9531196501542158 | C5: µm | D5: *parameters fit to dust data over exp duration
A6: sigma | B6: 1.52307419091438;2.44657447962067;1.2556617340672 | C6: µm
A7: rho | B7: 2000 | C7: kg/m3 | D7: dust material density
A8: hamaker_dust | B8: 8.5e-20 | C8: J | D8: Hamaker constant of quartz (dust)
A9: poisson_dust | B9: 0.17 | D9: Poisson ration of quartz (dust)
A10: youngs_modulus_dust | B10: 72400000000 | C10: N/m2 | D10: Young's modulus of quartz (dust)
A11: refractive_index_real_part | B11: 1.54 | D11: Real part of complex refractive index
A12: refractive_index_imaginary_part | B12: 0 | D12: Imaginary part of complex refractive index

Sheet Source_Intensity
A1: Wavelength (nm) | B1: Source Intensity (W/m^2 nm)
A2: 490 | B2: =_xlfn.NORM.DIST(A2,$E$2,$E$3,FALSE)/_xlfn.NORM.DIST($E$2,$E$2,$E$3,FALSE) -> 0.0015338107 | D2: mu | E2: 550
A3: 491 | B3: =_xlfn.NORM.DIST(A3,$E$2,$E$3,FALSE)/_xlfn.NORM.DIST($E$2,$E$2,$E$3,FALSE) -> 0.0019001927 | D3: sigma | E3: =50/3 -> 16.666667
A4: 492 | B4: =_xlfn.NORM.DIST(A4,$E$2,$E$3,FALSE)/_xlfn.NORM.DIST($E$2,$E$2,$E$3,FALSE) -> 0.0023456329
A5: 493 | B5: =_xlfn.NORM.DIST(A5,$E$2,$E$3,FALSE)/_xlfn.NORM.DIST($E$2,$E$2,$E$3,FALSE) -> 0.0028850876
A6: 494 | B6: =_xlfn.NORM.DIST(A6,$E$2,$E$3,FALSE)/_xlfn.NORM.DIST($E$2,$E$2,$E$3,FALSE) -> 0.0035358555
A7: 495 | B7: =_xlfn.NORM.DIST(A7,$E$2,$E$3,FALSE)/_xlfn.NORM.DIST($E$2,$E$2,$E$3,FALSE) -> 0.00431784
A8: 496 | B8: =_xlfn.NORM.DIST(A8,$E$2,$E$3,FALSE)/_xlfn.NORM.DIST($E$2,$E$2,$E$3,FALSE) -> 0.0052538192
A9: 497 | B9: =_xlfn.NORM.DIST(A9,$E$2,$E$3,FALSE)/_xlfn.NORM.DIST($E$2,$E$2,$E$3,FALSE) -> 0.0063697185
A10: 498 | B10: =_xlfn.NORM.DIST(A10,$E$2,$E$3,FALSE)/_xlfn.NORM.DIST($E$2,$E$2,$E$3,FALSE) -> 0.0076948808
A11: 499 | B11: =_xlfn.NORM.DIST(A11,$E$2,$E$3,FALSE)/_xlfn.NORM.DIST($E$2,$E$2,$E$3,FALSE) -> 0.0092623267
A12: 500 | B12: =_xlfn.NORM.DIST(A12,$E$2,$E$3,FALSE)/_xlfn.NORM.DIST($E$2,$E$2,$E$3,FALSE) -> 0.011108997
A13: 501 | B13: =_xlfn.NORM.DIST(A13,$E$2,$E$3,FALSE)/_xlfn.NORM.DIST($E$2,$E$2,$E$3,FALSE) -> 0.013275965
A14: 502 | B14: =_xlfn.NORM.DIST(A14,$E$2,$E$3,FALSE)/_xlfn.NORM.DIST($E$2,$E$2,$E$3,FALSE) -> 0.015808619
A15: 503 | B15: =_xlfn.NORM.DIST(A15,$E$2,$E$3,FALSE)/_xlfn.NORM.DIST($E$2,$E$2,$E$3,FALSE) -> 0.01875678
... A29: 517 | B29: =_xlfn.NORM.DIST(A29,$E$2,$E$3,FALSE)/_xlfn.NORM.DIST($E$2,$E$2,$E$3,FALSE) -> 0.14083025
A30: 518 | B30: =_xlfn.NORM.DIST(A30,$E$2,$E$3,FALSE)/_xlfn.NORM.DIST($E$2,$E$2,$E$3,FALSE) -> 0.15831002 | H30: DNS Reflectometer Data from: https://www.devicesandservices.com/15R-RGB%20Spec%20Sheet.pdf
A31: 519 | B31: =_xlfn.NORM.DIST(A31,$E$2,$E$3,FALSE)/_xlfn.NORM.DIST($E$2,$E$2,$E$3,FALSE) -> 0.17731987
A32: 520 | B32: =_xlfn.NORM.DIST(A32,$E$2,$E$3,FALSE)/_xlfn.NORM.DIST($E$2,$E$2,$E$3,FALSE) -> 0.1978987
A33: 521 | B33: =_xlfn.NORM.DIST(A33,$E$2,$E$3,FALSE)/_xlfn.NORM.DIST($E$2,$E$2,$E$3,FALSE) -> 0.22007211
A34: 522 | B34: =_xlfn.NORM.DIST(A34,$E$2,$E$3,FALSE)/_xlfn.NORM.DIST($E$2,$E$2,$E$3,FALSE) -> 0.24385049
A35: 523 | B35: =_xlfn.NORM.DIST(A35,$E$2,$E$3,FALSE)/_xlfn.NORM.DIST($E$2,$E$2,$E$3,FALSE) -> 0.2692271
A36: 524 | B36: =_xlfn.NORM.DIST(A36,$E$2,$E$3,FALSE)/_xlfn.NORM.DIST($E$2,$E$2,$E$3,FALSE) -> 0.29617642
A37: 525 | B37: =_xlfn.NORM.DIST(A37,$E$2,$E$3,FALSE)/_xlfn.NORM.DIST($E$2,$E$2,$E$3,FALSE) -> 0.32465247
A38: 526 | B38: =_xlfn.NORM.DIST(A38,$E$2,$E$3,FALSE)/_xlfn.NORM.DIST($E$2,$E$2,$E$3,FALSE) -> 0.35458755
A39: 527 | B39: =_xlfn.NORM.DIST(A39,$E$2,$E$3,FALSE)/_xlfn.NORM.DIST($E$2,$E$2,$E$3,FALSE) -> 0.38589113
A40: 528 | B40: =_xlfn.NORM.DIST(A40,$E$2,$E$3,FALSE)/_xlfn.NORM.DIST($E$2,$E$2,$E$3,FALSE) -> 0.41844911
A41: 529 | B41: =_xlfn.NORM.DIST(A41,$E$2,$E$3,FALSE)/_xlfn.NORM.DIST($E$2,$E$2,$E$3,FALSE) -> 0.45212346
A42: 530 | B42: =_xlfn.NORM.DIST(A42,$E$2,$E$3,FALSE)/_xlfn.NORM.DIST($E$2,$E$2,$E$3,FALSE) -> 0.48675226
... A122: 610 | B122: =_xlfn.NORM.DIST(A122,$E$2,$E$3,FALSE)/_xlfn.NORM.DIST($E$2,$E$2,$E$3,FALSE) -> 0.0015338107

Sheet Weather
A1: Time | B1: AirTemp | C1: WindSpeed | D1: PM10
A2: 45231.021 | B2: 20 | C2: 3 | D2: 7.5472881
A3: 45231.062 | B3: 20 | C3: 3 | D3: 6.1995
A4: 45231.104 | B4: 20 | C4: 3 | D4: 5.7603333
A5: 45231.146 | B5: 20 | C5: 3 | D5: 9.5333333
A6: 45231.188 | B6: 20 | C6: 3 | D6: 8.8761667
A7: 45231.229 | B7: 20 | C7: 3 | D7: 11.096833
A8: 45231.271 | B8: 20 | C8: 3 | D8: 10.8315
A9: 45231.312 | B9: 20 | C9: 3 | D9: 8.3485
A10: 45231.354 | B10: 20 | C10: 3 | D10: 9.1703333
A11: 45231.396 | B11: 20 | C11: 3 | D11: 17.0635
A12: 45231.438 | B12: 20 | C12: 3 | D12: 8.5163333
A13: 45231.479 | B13: 20 | C13: 3 | D13: 5.4161667
... A121: 45235.979 | B121: 20 | C121: 3 | D121: 4.4172881

Sheet Tilts
A1: Time | B1: Mirror_1 | C1: Mirror_2 | D1: Mirror_3
A2: 45231.021 | B2: 72.059702 | C2: 72.059702 | D2: 72.059702
A3: 45231.062 | B3: 72.059702 | C3: 72.059702 | D3: 72.059702
A4: 45231.104 | B4: 72.059702 | C4: 72.059702 | D4: 72.059702
A5: 45231.146 | B5: 72.059702 | C5: 72.059702 | D5: 72.059702
A6: 45231.188 | B6: 72.059702 | C6: 72.059702 | D6: 72.059702
A7: 45231.229 | B7: 72.059702 | C7: 72.059702 | D7: 72.059702
A8: 45231.271 | B8: 66.987192 | C8: 66.987192 | D8: 66.987192
A9: 45231.312 | B9: 55.704198 | C9: 55.704198 | D9: 55.704198
A10: 45231.354 | B10: 42.226352 | C10: 42.226352 | D10: 42.226352
A11: 45231.396 | B11: 26.052297 | C11: 26.052297 | D11: 26.052297
A12: 45231.438 | B12: 10.942876 | C12: 10.942876 | D12: 10.942876
A13: 45231.479 | B13: 17.054812 | C13: 17.054812 | D13: 17.054812
... A121: 45235.979 | B121: 72.059702 | C121: 72.059702 | D121: 72.059702

Sheet Reflectance_Average
A1: Time | B1: Mirror_1 | C1: Mirror_2 | D1: Mirror_3
A2: 45231.708 | B2: 0.902 | C2: 0.898 | D2: 0.9
A3: 45235.708 | B3: 0.883 | C3: 0.876 | D3: 0.886

Sheet Reflectance_Sigma
A1: Time | B1: Mirror_1 | C1: Mirror_2 | D1: Mirror_3
A2: 45231.708 | B2: =Reflectance_Average!B2*0.01 -> 0.00902 | C2: =Reflectance_Average!C2*0.01 -> 0.00898 | D2: =Reflectance_Average!D2*0.01 -> 0.009
A3: 45235.708 | B3: =Reflectance_Average!B3*0.01 -> 0.00883 | C3: =Reflectance_Average!C3*0.01 -> 0.00876 | D3: =Reflectance_Average!D3*0.01 -> 0.00886
